age_group,driver_count,avg_current_claims,current_claim_rate,avg_total_claims_3yrs,avg_age
16-25,1502,0.1604527296937417,0.14447403462050598,0.6684420772303595,20.492676431424766
26-40,2253,0.08166888592987129,0.07678650687971593,0.36662228140257436,33.21260541500222
41-60,3031,0.08775981524249422,0.08281095348069945,0.36126690861101945,50.31804684922468
60+,3214,0.104542626011201,0.0998755444928438,0.44368388301182327,72.62445550715618
